subreddit,id,title,score,num_comments,url
politics,jptq5n,Megathread: Joe Biden Projected to Defeat President Donald Trump and Win the 2020 US Presidential Election,214315,80931,https://www.reddit.com/r/politics/comments/jptq5n/megathread_joe_biden_projected_to_defeat/
politics,krntg6,Mitch McConnell Will Lose Control Of The Senate As Democrats Have Swept The Georgia Runoffs,156753,10099,https://www.buzzfeednews.com/article/paulmcleod/republicans-lose-senate-georgia-mcconnell
politics,ecm1zg,Megathread: House Votes to Impeach President Donald J. Trump,147744,50628,https://www.reddit.com/r/politics/comments/ecm1zg/megathread_house_votes_to_impeach_president/
politics,jcm5dz,Trump Threatens to ‘Leave the Country’ if He Loses to Biden,135306,16093,https://www.thedailybeast.com/trump-threatens-to-leave-the-country-if-he-loses-to-biden
politics,i19sjg,"Demands for Kushner to Resign Over 'Staggering' Level of 'Depravity' That Put Politics Before Public Health. ""Holy hell. Jared Kushner reportedly abandoned a national testing plan because it was *politically advantageous* to sit back and let blue states be eviscerated by the virus.""",129744,6747,https://www.commondreams.org/news/2020/07/31/demands-kushner-resign-over-staggering-level-depravity-put-politics-public-health
politics,h7ic8s,Over A million people sign petition calling for KKK to be declared a terrorist group,129210,5678,https://www.newsweek.com/kkk-petition-terrorist-group-million-1510419
politics,l1ynt4,Report: Biden Admin Discovers Trump Had Zero Plans For COVID Vaccine Distribution,127954,8107,https://talkingpointsmemo.com/news/report-biden-admin-discovers-trump-had-zero-plans-for-covid-vaccine-distribution
politics,jsi48r,Biden's Pennsylvania lead is now big enough to avoid an automatic recount,125946,5546,https://theweek.com/speedreads/949468/bidens-pennsylvania-lead-now-big-enough-avoid-automatic-recount
politics,l1902k,"Donald Trump Has Just Left the White House—This Time, for Good",125231,5692,https://www.thedailybeast.com/donald-trump-has-just-left-the-white-house-for-good
politics,g03uny,Virginia governor makes Election Day a holiday and expands early voting,124068,4065,https://www.cnn.com/2020/04/12/politics/virginia-election-day-holiday-early-voting/index.html
politics,l7ps56,"'Cry Me a River': Sanders Hits Back as Billionaire Investor Whines About Potential Tax Hikes Amid GameStop Fiasco | ""Oh look, another billionaire is mad that he might have to pay more taxes while children in America go hungry and veterans sleep on the street.""",123580,3174,https://www.commondreams.org/news/2021/01/29/cry-me-river-sanders-hits-back-billionaire-investor-whines-about-potential-tax-hikes
politics,kv4286,"House charges Donald Trump with impeachment for ""inciting an insurrection""",123475,5989,https://www.newsweek.com/house-charges-donald-trump-impeachment-inciting-insurrection-1560485?piano_t=1
politics,l4n1ho,Giuliani sued for $1.3 billion by Dominion Voting systems over false election fraud claims,121174,4610,https://www.independent.co.uk/news/world/americas/us-politics/giuliani-sued-election-fraud-trump-b1792216.html
politics,n23k5m,Pentagon cancels all contracts to build Trump’s border wall,120875,5756,https://www.independent.co.uk/news/world/americas/us-politics/pentagon-cancels-trump-border-wall-b1840500.html
politics,nk564e,Sen. Elizabeth Warren wants to bar members of Congress from ever trading individual stocks again,120598,4589,https://www.businessinsider.com/elizabeth-warren-ban-congress-trading-stocks-investing-tom-malinowski-nhofe-2021-5
politics,gvc4tw,"FBI Asks for Evidence of Individuals Inciting Violence During Protests, People Respond With Videos of Police Violence",120339,2805,https://www.newsweek.com/fbi-asks-evidence-individuals-inciting-violence-during-protests-people-respond-videos-police-1508165
politics,jp257j,Joe Biden Has Taken The Lead In The Historically Red State Of Georgia,119495,10893,https://www.buzzfeednews.com/amphtml/emmanuelfelton/biden-lead-georgia-vote-count#click=https://t.co/VsB6rFlwdr
politics,t2suj2,Mitt Romney says Americans who support Putin are ‘almost treasonous’,119396,5986,https://www.independent.co.uk/news/world/americas/us-politics/mitt-romney-ukraine-treason-tucker-carlson-b2024408.html
politics,mdm92z,Fox News sued for $1.6bn over false election claims,117417,5858,https://www.independent.co.uk/independent/news/world/americas/us-politics/fox-news-sued-lawsuit-election-trump-b1822880.html
politics,kwqdsf,Megathread: House Votes to Impeach President Donald J. Trump for Incitement of Insurrection,116242,31277,https://www.reddit.com/r/politics/comments/kwqdsf/megathread_house_votes_to_impeach_president/
PoliticalDiscussion,5su9ig,"In a recent Tweet, the President of the United States explicitly targeted a company because it acted against his family's business interests. Does this represent a conflict of interest? If so, will President Trump pay any political price?",23103,2484,https://www.reddit.com/r/PoliticalDiscussion/comments/5su9ig/in_a_recent_tweet_the_president_of_the_united/
PoliticalDiscussion,6a8jl9,President Donald Trump has fired FBI Director James Comey,15069,2827,https://www.reddit.com/r/PoliticalDiscussion/comments/6a8jl9/president_donald_trump_has_fired_fbi_director/
PoliticalDiscussion,5txzyf,"Michael Flynn has reportedly resigned from his position as Trump's National Security Advisor due to controversy over his communication with the Russian ambassador. How does this affect the Trump administration, and where should they go from here?",9921,2074,https://www.reddit.com/r/PoliticalDiscussion/comments/5txzyf/michael_flynn_has_reportedly_resigned_from_his/
PoliticalDiscussion,5c0pqa,"Clinton has won the popular vote, while Trump has won the Electoral College. This is the 5th time this has happened. Is it time for a new voting system?",9861,3847,https://www.reddit.com/r/PoliticalDiscussion/comments/5c0pqa/clinton_has_won_the_popular_vote_while_trump_has/
PoliticalDiscussion,5z7h4b,The CBO just released their report about the costs of the American Health Care Act indicating that 14 million people will lose coverage by 2018,7685,1910,https://www.reddit.com/r/PoliticalDiscussion/comments/5z7h4b/the_cbo_just_released_their_report_about_the/
PoliticalDiscussion,ezgw2p,Megathread: President Trump has been Acquitted by the Senate on both Articles of Impeachment and will not be removed from office,7004,2912,https://www.reddit.com/r/PoliticalDiscussion/comments/ezgw2p/megathread_president_trump_has_been_acquitted_by/
PoliticalDiscussion,5n8tv6,"Intel presented, stating that Russia has ""compromising information"" on Trump.",6871,2920,https://www.reddit.com/r/PoliticalDiscussion/comments/5n8tv6/intel_presented_stating_that_russia_has/
PoliticalDiscussion,5r5o9g,Trump fires only Justice Dept. Official authorized to sign FISA warrants,6831,1143,https://www.reddit.com/r/PoliticalDiscussion/comments/5r5o9g/trump_fires_only_justice_dept_official_authorized/
PoliticalDiscussion,4hrwn5,Ted Cruz is dropping out of presidential race,6281,2554,https://www.reddit.com/r/PoliticalDiscussion/comments/4hrwn5/ted_cruz_is_dropping_out_of_presidential_race/
PoliticalDiscussion,elkxvb,[Megathread] Iran Fires Missiles at U.S. Bases in Iraq Following US Strike Killing IRGC Major General Suleimani,5781,3378,https://www.reddit.com/r/PoliticalDiscussion/comments/elkxvb/megathread_iran_fires_missiles_at_us_bases_in/
PoliticalDiscussion,df98y3,[Megathread] White House declares impeachment inquiry unconstitutional,5288,1591,https://www.reddit.com/r/PoliticalDiscussion/comments/df98y3/megathread_white_house_declares_impeachment/
PoliticalDiscussion,5hhn4t,CIA assessment says Russia was trying to help Trump win White House,5003,2526,https://www.reddit.com/r/PoliticalDiscussion/comments/5hhn4t/cia_assessment_says_russia_was_trying_to_help/
PoliticalDiscussion,d9ldtg,"[MEGATHREAD] Unclassified whistle-blower report alleging U.S. President sought foreign election interference, & subsequent White House cover-up, is made public; acting director of nat'l intelligence testifies before Congress; & more.",4471,1488,https://www.reddit.com/r/PoliticalDiscussion/comments/d9ldtg/megathread_unclassified_whistleblower_report/
PoliticalDiscussion,jptxfm,Joe Biden wins 2020 U.S. Presidential Election,4315,5705,https://www.reddit.com/r/PoliticalDiscussion/comments/jptxfm/joe_biden_wins_2020_us_presidential_election/
PoliticalDiscussion,d8uaqg,[MEGATHREAD] House Democrats launch impeachment inquiry of President Trump,4092,1855,https://www.reddit.com/r/PoliticalDiscussion/comments/d8uaqg/megathread_house_democrats_launch_impeachment/
PoliticalDiscussion,dcx7bb,"[Megathread] Trump requests aid from China in investigating Biden, threatens trade retaliation.",3785,923,https://www.reddit.com/r/PoliticalDiscussion/comments/dcx7bb/megathread_trump_requests_aid_from_china_in/
PoliticalDiscussion,6bdlge,The Washington Post reports that Trump revealed highly classified information to the Russian foreign minster last week. How will this effect U.S. intelligence operations and intelligence sharing operations?,3764,1039,https://www.reddit.com/r/PoliticalDiscussion/comments/6bdlge/the_washington_post_reports_that_trump_revealed/
PoliticalDiscussion,4wg27n,"Why do the largest third parties in the USA, in the Greens and Libertarians, focus so hard on the Presidency instead of ground-level lower level offices to build themselves?",3447,549,https://www.reddit.com/r/PoliticalDiscussion/comments/4wg27n/why_do_the_largest_third_parties_in_the_usa_in/
PoliticalDiscussion,4vnyrq,VFW (Veterans of Foreign Wars) has officially condemned the Trump campaign over the Khan comments,3358,924,https://www.reddit.com/r/PoliticalDiscussion/comments/4vnyrq/vfw_veterans_of_foreign_wars_has_officially/
PoliticalDiscussion,4t77xf,Elizabeth Warren has been quietly removed from the Keynote Speaker slot at the DNC,3136,1104,https://www.reddit.com/r/PoliticalDiscussion/comments/4t77xf/elizabeth_warren_has_been_quietly_removed_from/
worldnews,k4qide,An anti-gay Hungarian politician has resigned after being caught by police fleeing a 25-man orgy through a window,204545,8371,https://www.businessinsider.com/hungarian-mep-resigns-breaking-covid-rules-gay-orgy-brussels-2020-12
worldnews,eclwg9,Trump Impeached for Abuse of Power,202908,19952,https://www.nytimes.com/interactive/2019/12/18/us/politics/trump-impeachment-vote.html
worldnews,t3pgaz,Vladimir Putin's black belt revoked by international taekwondo organization,200159,6865,https://www.newsweek.com/vladimir-putins-black-belt-revoked-international-taekwondo-organization-1683304
worldnews,901p5f,"Two weeks before his inauguration, Donald J. Trump was shown highly classified intelligence indicating that President Vladimir V. Putin of Russia had personally ordered complex cyberattacks to sway the 2016 American election",189350,17967,https://www.nytimes.com/2018/07/18/world/europe/trump-intelligence-russian-election-meddling-.html?hp&action=click&pgtype=Homepage&clickSource=story-heading&module=a-lede-package-region&region=top-news&WT.nav=top-news
worldnews,x96k3v,"Queen Elizabeth II has died, Buckingham Palace announces",189026,16350,https://www.bbc.co.uk/news/uk-61585886
worldnews,t0b6fb,More than 150 senior Russian officials sign open letter condemning Putin's invasion of Ukraine as 'an unprecedented atrocity' and warn of 'catastrophic consequences' while urging citizens 'not to participate',178010,7644,https://www.dailymail.co.uk/news/article-10546799/More-150-senior-Russian-officials-sign-open-letter-condemning-Putins-invasion-Ukraine.html?ito=rss-flipboard
worldnews,t1o8wq,"Rejecting US evacuation offer, Zelensky says I need anti-tank ammo, 'not a ride'",171621,8188,https://www.timesofisrael.com/liveblog-february-25-2022/
worldnews,t1f287,Anonymous leaks database of the Russian Ministry of Defence,165229,6327,https://cybernews.com/news/anonymous-leaks-database-of-the-russian-ministry-of-defence/
worldnews,4d75i7,"2.6 terabyte leak of Panamanian shell company data reveals ""how a global industry led by major banks, legal firms, and asset management companies secretly manages the estates of politicians, Fifa officials, fraudsters and drug smugglers, celebrities and professional athletes.""",154761,11956,http://panamapapers.sueddeutsche.de/articles/56febff0a1bb8d3c3495adf4/
worldnews,t20u4i,"Kyiv: full consensus for disconnecting Russia from SWIFT has been achieved, the process has begun",152121,6763,https://www.uawire.org/kyiv-full-consensus-for-disconnecting-russia-from-swift-has-been-achieved-the-process-has-begun
worldnews,t67pbu,Ukraine President Volodymyr Zelensky survives three assassination attempts in the last week.,151238,6283,https://nypost.com/2022/03/03/ukraine-president-zelensky-survived-three-assassination-attempts/
worldnews,hmwhd7,Brazilian president Jair Bolsonaro tests positive for coronavirus,150311,7143,https://www.theguardian.com/world/2020/jul/07/jair-bolsonaro-coronavirus-positive-test-brazil-president
worldnews,9vw2w3,"Churchill's grandson slams Trump for skipping cemetery visit because of weather: ""They died with their face to the foe and that pathetic inadequate @realDonaldTrump couldn’t even defy the weather to pay his respects to The Fallen,"" Soames tweeted",150306,7921,https://thehill.com/homenews/administration/416058-churchills-grandson-rips-trump-for-skipping-cemetery-visit-because-of
worldnews,kzx08x,B-52 US bombers fly over Middle East; Iran condemns intimidation. Iranian foreign minister says the US would be better off spending its military billions ‘on your taxpayers’ health’.,148055,8038,https://www.aljazeera.com/news/2021/1/18/b-52-us-bombers-fly-over-middle-east-iran-condemns-intimidation
worldnews,h0y6pm,"Scottish Parliament votes for immediate suspension of tear gas, rubber bullet and riot shield exports to US",146836,3879,https://www.independent.co.uk/news/uk/politics/scotland-us-exports-tear-gas-rubber-bullets-riot-shields-blm-protests-a9560586.html
worldnews,egvrh7,More than a quarter of a million people have signed a petition calling for Sydney's New Year's Eve fireworks to be cancelled and the money spent on fighting fires that threaten the city.,146440,3005,https://www.bbc.com/news/world-australia-50934149
worldnews,7erver,"Internet Defenders Urge Mass Revolt to Fight FCC's ""Scorched-Earth"" Attack on Net Neutrality: ""FCC Pai is handing over the internet to a few humongous gatekeepers who see the rest of us as products to be delivered to advertisers, not as citizens needing communications that serve democracy's needs.'",145855,3994,https://www.commondreams.org/news/2017/11/21/internet-defenders-urge-mass-revolt-fight-fccs-scorched-earth-attack-net-neutrality
worldnews,i0ufzr,Uighur group calls for China to lose 2022 Games over 'genocide',144905,4921,https://www.france24.com/en/20200730-uighur-group-calls-for-china-to-lose-2022-games-over-genocide-1
worldnews,fbvzuo,"A conservation group has closed a $15.65 million deal to buy the largest privately owned giant sequoia grove left on Earth, an ancient forest with hundreds of the endangered redwood trees, which can live for 3,000 years and rise nearly as tall as the Statue of Liberty.",142947,2418,https://www.mnn.com/earth-matters/wilderness-resources/blogs/alder-creek-giant-sequoia-grove-save-redwoods-league
worldnews,a79z9p,Giraffes just silently went to the list of endangered animals facing extinction,142117,3488,https://www.indiatoday.in/education-today/gk-current-affairs/story/giraffes-now-endangered-species-and-threatened-animal-can-become-extinct-html-1407091-2018-12-11
